image1,image2,upper_left_lon,upper_left_lat,upper_right_lon,upper_right_lat,bottom_right_lon,bottom_right_lat,bottom_left_lon,bottom_left_lat,center_lon,center_lat
data/L15-1509E-1187N_after_0_0.png,data/L15-1509E-1187N_before_0_0.png,85.25390555555556,27.68352777777778,85.27450483940973,27.68352777777778,85.27450483940973,27.665273546006947,85.25390555555556,27.665273546006947,85.26420519748264,27.674400661892363
data/L15-1509E-1187N_after_0_11.png,data/L15-1509E-1187N_before_0_11.png,85.25390555555556,27.549663411458333,85.27450483940973,27.549663411458333,85.27450483940973,27.531409179687497,85.25390555555556,27.531409179687497,85.26420519748264,27.540536295572913
data/L15-1509E-1187N_after_0_10.png,data/L15-1509E-1187N_before_0_10.png,85.25390555555556,27.561832899305553,85.27450483940973,27.561832899305553,85.27450483940973,27.54357866753472,85.25390555555556,27.54357866753472,85.26420519748264,27.552705783420137
data/L15-1509E-1187N_after_0_1.png,data/L15-1509E-1187N_before_0_1.png,85.25390555555556,27.671358289930556,85.27450483940973,27.671358289930556,85.27450483940973,27.653104058159723,85.25390555555556,27.653104058159723,85.26420519748264,27.66223117404514
